TEMP Breakpoints,slope,offset
,-0.00006221,-0.03391652
34.7,,
,0.00044082,-0.05137472
2.5,,
,-0.00120001,-0.04721614
