{"MOD_H": 8392, "MOD_L": -8392, "FREQ": 135, "DAC_GAIN": 20, "ERR_OFFSET": 0, "POLARITY": 1, "WAIT_CNT": 60, "ERR_TH": 0, "ERR_AVG": 6, "HD_Q": 10, "HD_R": 5, "GAIN1": 6, "GAIN2": 6, "FB_ON": 0, "CONST_STEP": 16384, "KF_Q": 1, "KF_R": 10, "SF_A": 0.000759273267799104, "SF_B": 0.00176399140528003, "DATA_RATE": 2177}