{"MOD_H": 9492, "MOD_L": -9492, "FREQ": 104, "DAC_GAIN": 70, "ERR_OFFSET": 0, "POLARITY": 1, "WAIT_CNT": 60, "ERR_TH": 0, "ERR_AVG": 4, "GAIN1": 5, "GAIN2": 4, "FB_ON": 1, "CONST_STEP": 16384, "KF_Q": 1, "KF_R": 6, "HD_Q": 1, "HD_R": 1, "SF_A": 0.0015055733031026964, "SF_B": -0.00137052112589694, "DATA_RATE": 2500}