{"MOD_H": 10000, "MOD_L": -10000, "FREQ": 116, "DAC_GAIN": 60, "ERR_OFFSET": 0, "POLARITY": 1, "WAIT_CNT": 40, "ERR_TH": 0, "ERR_AVG": 6, "GAIN1": 5, "GAIN2": 6, "FB_ON": 2, "CONST_STEP": 1, "KF_Q": 1, "KF_R": 6, "HD_Q": 10, "HD_R": 0, "SF_A": 0.0015055733031026964, "SF_B": -0.00137052112589694, "DATA_RATE": 2000}