{"MOD_H": 9100, "MOD_L": -9100, "FREQ": 104, "DAC_GAIN": 512, "ERR_OFFSET": 0, "POLARITY": 1, "WAIT_CNT": 25, "ERR_TH": 0, "ERR_AVG": 6, "GAIN1": 6, "GAIN2": 5, "FB_ON": 2, "CONST_STEP": 1000, "KF_Q": 1, "KF_R": 6, "HD_Q": 1, "HD_R": 1, "SF_A": 0.0015055733031026964, "SF_B": -0.00137052112589694, "DATA_RATE": 2110}