{"MOD_H": 7050, "MOD_L": -600, "FREQ": 129, "DAC_GAIN": 91, "ERR_OFFSET": 0, "POLARITY": 1, "WAIT_CNT": 200, "ERR_TH": 0, "ERR_AVG": 6, "GAIN1": 6, "GAIN2": 5, "FB_ON": 0, "CONST_STEP": 16384, "KF_Q": 1, "KF_R": 6, "HD_Q": 1, "HD_R": 6, "SF_A": 0.0015055733031026964, "SF_B": -0.00137052112589694, "DATA_RATE": 2000}