{"MOD_H": 9200, "MOD_L": -9200, "FREQ": 200, "DAC_GAIN": 40, "ERR_OFFSET": 0, "POLARITY": 1, "WAIT_CNT": 100, "ERR_TH": 0, "ERR_AVG": 7, "GAIN1": 5, "GAIN2": 7, "FB_ON": 0, "CONST_STEP": 0, "KF_Q": 1, "KF_R": 1, "HD_Q": 1, "HD_R": 0, "SF_A": 0.0015055733031026964, "SF_B": -0.00137052112589694, "DATA_RATE": 5000}