{"MOD_H": 8192, "MOD_L": -8192, "FREQ": 166, "DAC_GAIN": 68, "ERR_OFFSET": 0, "POLARITY": 1, "WAIT_CNT": 42, "ERR_TH": 0, "ERR_AVG": 6, "GAIN1": 5, "GAIN2": 7, "FB_ON": 0, "CONST_STEP": 16384, "KF_Q": 1, "KF_R": 6, "HD_Q": 10, "HD_R": 30, "SF_A": 0.0015055733031026964, "SF_B": -0.00137052112589694, "DATA_RATE": 2020}