{"MOD_H": 9000, "MOD_L": -9200, "FREQ": 209, "DAC_GAIN": 79, "ERR_OFFSET": 0, "POLARITY": 1, "WAIT_CNT": 100, "ERR_TH": 0, "ERR_AVG": 7, "GAIN1": 6, "GAIN2": 6, "FB_ON": 1, "CONST_STEP": 16384, "KF_Q": 1, "KF_R": 6, "HD_Q": 4, "HD_R": 9, "SF_A": 0.0015055733031026964, "SF_B": -0.00137052112589694, "DATA_RATE": 2000}