{"MOD_H": 6850, "MOD_L": -6850, "FREQ": 135, "DAC_GAIN": 20, "ERR_OFFSET": 0, "POLARITY": 1, "WAIT_CNT": 65, "ERR_TH": 0, "ERR_AVG": 6, "GAIN1": 6, "GAIN2": 5, "FB_ON": 1, "CONST_STEP": 0, "KF_Q": 1, "KF_R": 10, "SF_A": 0.000759273267799104, "SF_B": 0.00176399140528003, "DATA_RATE": 2177}