{"MOD_H": 0, "MOD_L": 0, "FREQ": 103, "DAC_GAIN": 1023, "ERR_OFFSET": 0, "POLARITY": 1, "WAIT_CNT": 65, "ERR_TH": 0, "ERR_AVG": 6, "GAIN1": 0, "GAIN2": 0, "FB_ON": 0, "CONST_STEP": 1000, "KF_Q": 1, "KF_R": 6, "SF_A": 0.0015055733031026964, "SF_B": -0.00137052112589694, "DATA_RATE": 2000}