{"MOD_H": 8300, "MOD_L": -8400, "FREQ": 121, "DAC_GAIN": 20, "ERR_OFFSET": 0, "POLARITY": 1, "WAIT_CNT": 65, "ERR_TH": 0, "ERR_AVG": 6, "GAIN1": 0, "GAIN2": 0, "FB_ON": 0, "CONST_STEP": 0, "KF_Q": 1, "KF_R": 6, "SF_A": 0.0015055733031026964, "SF_B": -0.00137052112589694, "DATA_RATE": 2000}