{"MOD_H": 4200, "MOD_L": -4200, "FREQ": 135, "DAC_GAIN": 300, "ERR_OFFSET": 0, "POLARITY": 1, "WAIT_CNT": 65, "ERR_TH": 0, "ERR_AVG": 6, "GAIN1": 6, "GAIN2": 5, "FB_ON": 1, "CONST_STEP": 0, "KF_Q": 1, "KF_R": 30, "SF_A": 0.00051990104803339, "SF_B": 0.00165284547469505, "DATA_RATE": 2000}