{"MOD_H": 8200, "MOD_L": 0, "FREQ": 137, "DAC_GAIN": 320, "ERR_OFFSET": 0, "POLARITY": 1, "WAIT_CNT": 65, "ERR_TH": 0, "ERR_AVG": 6, "GAIN1": 6, "GAIN2": 5, "FB_ON": 1, "CONST_STEP": 8100, "KF_Q": 1, "KF_R": 30, "SF_A": 0.0015202646489961, "SF_B": 0.00176233020229088, "DATA_RATE": 2000}