{"MOD_H": 9192, "MOD_L": -9192, "FREQ": 220, "DAC_GAIN": 50, "ERR_OFFSET": 0, "POLARITY": 1, "WAIT_CNT": 68, "ERR_TH": 0, "ERR_AVG": 7, "GAIN1": 6, "GAIN2": 4, "FB_ON": 1, "CONST_STEP": 128, "KF_Q": 1, "KF_R": 500, "HD_Q": 1, "HD_R": 6, "SF_A": 0.0015055733031026964, "SF_B": -0.00137052112589694, "DATA_RATE": 2220}