TEMP Breakpoints,slope,offset
,0.00156641,-0.12223881
0.7,,
,165.72605132,-116.19620373
-0.7,,
,0.16311529,-231.63474755
