{"MOD_H": 3000, "MOD_L": 0, "FREQ": 99, "DAC_GAIN": 512, "ERR_OFFSET": 0, "POLARITY": 0, "WAIT_CNT": 58, "ERR_TH": 0, "ERR_AVG": 6, "GAIN1": 6, "GAIN2": 5, "FB_ON": 1, "CONST_STEP": 30000, "KF_Q": 1, "KF_R": 6, "SF_A": 0.0015055733031026964, "SF_B": -0.00137052112589694, "DATA_RATE": 2184}