{"MOD_H": 4200, "MOD_L": -4200, "FREQ": 135, "DAC_GAIN": 300, "ERR_OFFSET": 0, "POLARITY": 1, "WAIT_CNT": 60, "ERR_TH": 0, "ERR_AVG": 6, "GAIN1": 6, "GAIN2": 5, "FB_ON": 1, "CONST_STEP": 8200, "KF_Q": 1, "KF_R": 300, "SF_A": 0.00151689332166109, "SF_B": -0.000563651748741904, "DATA_RATE": 2177}