{"MOD_H": 16300, "MOD_L": 0, "FREQ": 103, "DAC_GAIN": 0, "ERR_OFFSET": 0, "POLARITY": 1, "WAIT_CNT": 30, "ERR_TH": 0, "ERR_AVG": 6, "GAIN1": 6, "GAIN2": 5, "FB_ON": 1, "CONST_STEP": 16300, "KF_Q": 1, "KF_R": 6, "SF_A": 0.0015055733031026964, "SF_B": -0.00137052112589694, "DATA_RATE": 2000, "HD_Q": 1, "HD_R": 0}