{"MOD_H": 8300, "MOD_L": 0, "FREQ": 135, "DAC_GAIN": 331, "ERR_OFFSET": 1, "POLARITY": 1, "WAIT_CNT": 65, "ERR_TH": 0, "ERR_AVG": 6, "GAIN1": 6, "GAIN2": 5, "FB_ON": 1, "CONST_STEP": 8200, "KF_Q": 1, "KF_R": 500, "SF_A": 0.00151990104803339, "SF_B": 0.00165284547469505, "DATA_RATE": 2000}