{"MOD_H": 4950, "MOD_L": -4950, "FREQ": 98, "DAC_GAIN": 455, "ERR_OFFSET": 0, "POLARITY": 1, "WAIT_CNT": 30, "ERR_TH": 0, "ERR_AVG": 6, "GAIN1": 5, "GAIN2": 7, "FB_ON": 1, "CONST_STEP": 0, "KF_Q": 1, "KF_R": 6, "HD_Q": 10, "HD_R": 0, "SF_A": 0.0015055733031026964, "SF_B": -0.00137052112589694, "DATA_RATE": 2000}