TEMP Breakpoints,slope,offset
,0.00010648,-0.01003833
35.8,,
,0.00062288,-0.02852359
24.0,,
,0.00001028,-0.01382857
