{"MOD_H": 8192, "MOD_L": -8192, "FREQ": 104, "DAC_GAIN": 43, "ERR_OFFSET": 0, "POLARITY": 1, "WAIT_CNT": 30, "ERR_TH": 0, "ERR_AVG": 6, "GAIN1": 6, "GAIN2": 6, "FB_ON": 1, "CONST_STEP": 16484, "KF_Q": 1, "KF_R": 6, "HD_Q": 1, "HD_R": 20, "SF_A": 0.0015055733031026964, "SF_B": -0.00137052112589694, "DATA_RATE": 2000}