{"MOD_H": 9200, "MOD_L": -9200, "FREQ": 211, "DAC_GAIN": 100, "ERR_OFFSET": 0, "POLARITY": 1, "WAIT_CNT": 80, "ERR_TH": 0, "ERR_AVG": 6, "GAIN1": 5, "GAIN2": 7, "FB_ON": 0, "CONST_STEP": 128, "KF_Q": 1, "KF_R": 6, "HD_Q": 1, "HD_R": 6, "SF_A": 0.0015055733031026964, "SF_B": -0.00137052112589694, "DATA_RATE": 2000}